{
  "energy_mse": 451266.71875,
  "energy_mae": 537.5503540039062,
  "energy_r2": 0.6887782505526563,
  "rotation_invariance_mae": 0.000439453125,
  "rotation_errors": [
    0.0,
    0.0,
    0.0,
    0.0,
    0.0,
    0.0,
    0.0009765625,
    0.0,
    0.0,
    0.001953125,
    0.0009765625,
    0.0,
    0.0,
    0.0009765625,
    0.0,
    0.0,
    0.0009765625,
    0.0,
    0.0,
    0.001953125,
    0.0,
    0.0,
    0.0,
    0.0009765625,
    0.0009765625,
    0.0,
    0.0,
    0.0,
    0.0009765625,
    0.0,
    0.0,
    0.001953125,
    0.0009765625,
    0.0009765625,
    0.0,
    0.0009765625,
    0.0009765625,
    0.0009765625,
    0.0009765625,
    0.0009765625,
    0.0,
    0.0009765625,
    0.0,
    0.0,
    0.0,
    0.0,
    0.0009765625,
    0.0,
    0.0,
    0.0009765625,
    0.0009765625,
    0.0009765625,
    0.0,
    0.0009765625,
    0.0,
    0.0009765625,
    0.0009765625,
    0.0009765625,
    0.001953125,
    0.0,
    0.0009765625,
    0.0,
    0.0,
    0.0009765625,
    0.0009765625,
    0.0,
    0.0009765625,
    0.0,
    0.0,
    0.0,
    0.0009765625,
    0.0009765625,
    0.0,
    0.0,
    0.0009765625,
    0.0009765625,
    0.0,
    0.0,
    0.0,
    0.0,
    0.0,
    0.0,
    0.0,
    0.0,
    0.0,
    0.0,
    0.0009765625,
    0.0009765625,
    0.0,
    0.0,
    0.0,
    0.0,
    0.0,
    0.0,
    0.0,
    0.0,
    0.001953125,
    0.0009765625,
    0.0,
    0.0009765625
  ],
  "predictions": [
    -10987.0595703125,
    -12482.2529296875,
    -10582.9931640625,
    -8472.138671875,
    -9109.5029296875,
    -11579.3349609375,
    -10021.6318359375,
    -11055.3935546875,
    -11167.626953125,
    -11119.07421875,
    -13261.7861328125,
    -11075.171875,
    -10113.0068359375,
    -12697.822265625,
    -12089.8466796875,
    -11422.1533203125,
    -8839.7021484375,
    -10087.18359375,
    -9652.8505859375,
    -11812.427734375,
    -11370.9638671875,
    -9624.0927734375,
    -11996.9892578125,
    -10449.50390625,
    -10546.4169921875,
    -8627.67578125,
    -12001.0693359375,
    -11390.224609375,
    -10923.087890625,
    -11661.8544921875,
    -11298.486328125,
    -11516.51171875,
    -10167.380859375,
    -10515.8291015625,
    -10039.0771484375,
    -10589.42578125,
    -9641.048828125,
    -10311.3955078125,
    -10805.8134765625,
    -12976.3408203125,
    -11310.9111328125,
    -11716.2998046875,
    -9128.427734375,
    -11088.0400390625,
    -8633.7998046875,
    -10797.9013671875,
    -10076.3203125,
    -11308.0546875,
    -14075.7607421875,
    -11050.1044921875,
    -8509.849609375,
    -10856.017578125,
    -10583.8935546875,
    -11638.1435546875,
    -9670.6904296875,
    -11818.6376953125,
    -12383.455078125,
    -13645.12109375,
    -11472.0087890625,
    -9356.0234375,
    -11764.71484375,
    -11938.140625,
    -11207.12890625,
    -11555.1220703125,
    -10574.6552734375,
    -11354.8388671875,
    -10388.8486328125,
    -11649.3544921875,
    -12119.412109375,
    -9022.359375,
    -11958.7275390625,
    -11709.990234375,
    -12110.1982421875,
    -13121.130859375,
    -10824.9248046875,
    -12283.05078125,
    -11109.1708984375,
    -11437.72265625,
    -11739.73046875,
    -9704.427734375,
    -10544.1962890625,
    -11975.037109375,
    -11162.82421875,
    -12290.240234375,
    -10347.8388671875,
    -14650.63671875,
    -11219.05859375,
    -9835.3544921875,
    -10354.3203125,
    -10896.609375,
    -11439.677734375,
    -11441.2138671875,
    -10651.0947265625,
    -11542.0556640625,
    -13553.4873046875,
    -10486.1162109375,
    -10309.80859375,
    -10252.6728515625,
    -13585.2333984375,
    -10425.009765625
  ],
  "references": [
    -11478.0380859375,
    -12788.1923828125,
    -9896.755859375,
    -8452.9775390625,
    -9463.0400390625,
    -11543.109375,
    -9842.857421875,
    -10499.27734375,
    -12490.001953125,
    -10566.0654296875,
    -12552.4345703125,
    -11780.53125,
    -9522.51171875,
    -11814.1181640625,
    -10905.912109375,
    -11890.6162109375,
    -9928.0810546875,
    -11373.408203125,
    -9462.8427734375,
    -11577.2314453125,
    -11844.3466796875,
    -9486.6240234375,
    -11474.037109375,
    -10533.7314453125,
    -10906.353515625,
    -8451.783203125,
    -11980.7236328125,
    -11915.44140625,
    -11003.435546875,
    -10598.4248046875,
    -10936.95703125,
    -10246.62890625,
    -11373.6455078125,
    -11511.2392578125,
    -10533.0,
    -9464.3515625,
    -9464.96875,
    -10969.974609375,
    -11373.2626953125,
    -13444.5576171875,
    -11937.4580078125,
    -10598.4287109375,
    -8393.3642578125,
    -11373.5537109375,
    -8452.9150390625,
    -11914.451171875,
    -9358.0185546875,
    -10775.9169921875,
    -13332.171875,
    -10904.90625,
    -8360.3017578125,
    -9991.1083984375,
    -10970.79296875,
    -11982.224609375,
    -9927.876953125,
    -11476.1005859375,
    -12788.2490234375,
    -13532.0126953125,
    -11034.501953125,
    -9432.2841796875,
    -11508.9833984375,
    -12488.626953125,
    -11476.3642578125,
    -11511.5205078125,
    -11810.9814453125,
    -10339.2587890625,
    -9990.5751953125,
    -10598.3291015625,
    -11843.8720703125,
    -8854.755859375,
    -11239.125,
    -11753.767578125,
    -12489.55078125,
    -12789.77734375,
    -11003.515625,
    -12926.564453125,
    -11915.234375,
    -11915.5888671875,
    -11511.2236328125,
    -9520.361328125,
    -10531.7060546875,
    -12419.873046875,
    -11509.3876953125,
    -12958.5517578125,
    -9555.755859375,
    -12352.8544921875,
    -10532.845703125,
    -9553.8525390625,
    -11372.5908203125,
    -10498.4326171875,
    -11511.1767578125,
    -10969.5771484375,
    -10339.5751953125,
    -10934.921875,
    -13468.080078125,
    -11339.9443359375,
    -9809.0673828125,
    -10498.875,
    -11914.58984375,
    -10971.541015625
  ],
  "history": {
    "train_loss": [
      117.85528802871704,
      117.16843271255493,
      89.68225860595703,
      55.45715606212616,
      37.17441546916962,
      23.92654460668564,
      13.990281462669373,
      13.906739711761475,
      12.553848892450333,
      8.50164994597435,
      6.145964026451111,
      5.67435460537672,
      3.573673292994499,
      2.6004257947206497,
      2.330351322889328,
      2.5193177722394466,
      6.235688298940659,
      5.097675904631615,
      1.73462351039052,
      1.4800798129290342,
      3.9459863528609276,
      1.438361320644617,
      1.33922803029418,
      1.824381995946169,
      3.132199242711067,
      2.2499460112303495,
      1.6567683517932892,
      1.6922599002718925,
      1.6153852045536041,
      1.6050708666443825,
      1.5492140501737595,
      1.5235996842384338,
      1.4688028004020452,
      1.436906697228551,
      1.5134930778294802,
      1.3273890744894743,
      1.385099170729518,
      1.2433027848601341,
      1.318124819546938,
      1.4355540983378887
    ],
    "val_loss": [
      116.1116943359375,
      114.05207443237305,
      80.85559940338135,
      34.168700218200684,
      24.174989700317383,
      16.21610164642334,
      9.205405712127686,
      23.056745052337646,
      6.090991914272308,
      6.645421266555786,
      5.278217315673828,
      7.116161465644836,
      2.249034285545349,
      1.6549210846424103,
      3.4468146562576294,
      1.152685359120369,
      4.484802067279816,
      1.874138504266739,
      1.0969134867191315,
      0.8922198265790939,
      1.4636386334896088,
      0.9118266105651855,
      1.4242450147867203,
      1.056007370352745,
      1.2478450238704681,
      0.9764784425497055,
      0.9010263681411743,
      0.5962343513965607,
      0.572804406285286,
      0.575628750026226,
      0.6978458687663078,
      0.5169168338179588,
      0.5118806958198547,
      0.4504692740738392,
      0.5119714960455894,
      0.43750742077827454,
      0.3672866262495518,
      0.5405249297618866,
      0.3142380900681019,
      0.28285814821720123
    ]
  },